{"metadata":{"asset_id":"fc8484b1-b434-4f13-86d0-63bf87d1de0c","asset_attributes":["data_asset"],"name":"results.csv","asset_type":"data_asset","created_at":"2020-09-05T02:48:17Z","description":"","origin_country":"us","owner_id":"16ad430c-1114-4a40-a9f2-a13a61928180","project_id":"bc2c8195-eb97-46da-8ab0-8213197795b6","size":34449,"tags":[],"usage":{"last_update_time":1599274098437,"last_updated_at":"2020-09-05T02:48:18Z"}},"entity":{"data_asset":{"mime_type":"text/csv","dataset":false}},"attachments":[{"id":"e773437a-d98a-4ec5-9bb2-3728eed36461","version":2,"asset_type":"data_asset","name":"results.csv","mime":"text/csv","datasource_type":"193a97c1-4475-4a19-b90c-295c4fdc6517","object_key":"results.csv","creator_id":"16ad430c-1114-4a40-a9f2-a13a61928180","create_time":1599274098436,"size":34449,"is_remote":false,"is_managed":false,"is_referenced":true,"is_object_key_read_only":true,"is_user_provided_path_key":true,"transfer_complete":true,"is_partitioned":false,"complete_time_ticks":1599274098436,"user_data":{},"test_doc":0,"handle":{"bucket":"desafio6-donotdelete-pr-rue6whvk1iprqt","location":"us-geo","key":"results.csv","upload_id":"done","max_part_num":1},"usage":{"access_count":0,"last_accessor_id":"16ad430c-1114-4a40-a9f2-a13a61928180","last_access_time":1599274098436}}]}
