{"metadata":{"asset_id":"9a8fbebf-2219-4abe-8da9-ed6f88cb2967","asset_attributes":["notebook"],"name":"notebook","asset_type":"notebook","created_at":"2020-08-31T02:12:02Z","description":"","origin_country":"us","owner_id":"IBMid-550008NDAC","project_id":"bc2c8195-eb97-46da-8ab0-8213197795b6","size":18441,"tags":["notebook"],"usage":{"last_update_time":1599274119164,"last_updated_at":"2020-09-05T02:48:39Z"}},"entity":{"notebook":{"kernel":{"name":"python3","display_name":"Python 3.6","language":"python"},"originates_from":{"type":"file"},"runtime":{"environment":"conda2py36-bc2c8195-eb97-46da-8ab0-8213197795b6"}}},"attachments":[{"id":"6f0350df-1c88-46dc-ad09-53c5d1a52e2c","version":2,"asset_type":"notebook","name":"attachment for notebook 9a8fbebf-2219-4abe-8da9-ed6f88cb2967","description":"attachment for notebook 9a8fbebf-2219-4abe-8da9-ed6f88cb2967","mime":"application/json","datasource_type":"193a97c1-4475-4a19-b90c-295c4fdc6517","object_key":"notebook/notebook_8vdwQCHhf.ipynb","creator_id":"IBMid-550008NDAC","create_time":1598839923013,"size":18441,"is_remote":false,"is_managed":false,"is_referenced":true,"is_object_key_read_only":false,"is_user_provided_path_key":true,"transfer_complete":true,"is_partitioned":false,"complete_time_ticks":1598839923013,"user_data":{},"test_doc":0,"handle":{"bucket":"desafio6-donotdelete-pr-rue6whvk1iprqt","location":"us-geo","key":"notebook/notebook_8vdwQCHhf.ipynb","upload_id":"done","max_part_num":1},"usage":{"access_count":0,"last_accessor_id":"IBMid-550008NDAC","last_access_time":1598839923013}}]}
