{"metadata":{"asset_id":"488e0166-a05b-4397-9aa6-dcf3e257f44d","asset_attributes":["data_asset"],"name":"training_dataset.csv","asset_type":"data_asset","created_at":"2020-09-08T17:28:55Z","description":"","origin_country":"us","owner_id":"c3a001eb-1c75-42cc-a536-250e19a7c7cb","project_id":"b9006a3a-d726-493a-bfb6-07cfeaa4a9ef","size":4205289,"tags":[],"usage":{"last_update_time":1599586136369,"last_updated_at":"2020-09-08T17:28:56Z"}},"entity":{"data_asset":{"mime_type":"text/csv","dataset":false}},"attachments":[{"id":"017fc77b-2168-4940-81c8-1e9bc6f8f96f","version":2,"asset_type":"data_asset","name":"training_dataset.csv","mime":"text/csv","datasource_type":"193a97c1-4475-4a19-b90c-295c4fdc6517","object_key":"training_dataset.csv","creator_id":"c3a001eb-1c75-42cc-a536-250e19a7c7cb","create_time":1599586136369,"size":4205289,"is_remote":false,"is_managed":false,"is_referenced":true,"is_object_key_read_only":true,"is_user_provided_path_key":true,"transfer_complete":true,"is_partitioned":false,"complete_time_ticks":1599586136369,"user_data":{},"test_doc":0,"handle":{"bucket":"desafio7-donotdelete-pr-xdv6vvo4gz9si3","location":"us-geo","key":"training_dataset.csv","upload_id":"done","max_part_num":1},"usage":{"access_count":0,"last_accessor_id":"c3a001eb-1c75-42cc-a536-250e19a7c7cb","last_access_time":1599586136369}}]}
