{"metadata":{"asset_id":"60720136-5f08-450e-a5a4-8fdab8396070","asset_attributes":["data_asset"],"name":"results.csv","asset_type":"data_asset","created_at":"2020-09-09T03:23:58Z","description":"","origin_country":"us","owner_id":"c3a001eb-1c75-42cc-a536-250e19a7c7cb","project_id":"b9006a3a-d726-493a-bfb6-07cfeaa4a9ef","size":37680,"tags":[],"usage":{"last_update_time":1599621839672,"last_updated_at":"2020-09-09T03:23:59Z"}},"entity":{"data_asset":{"mime_type":"text/csv","dataset":false}},"attachments":[{"id":"d7f2ff3b-2f9c-4ba4-812e-b832c162d1d6","version":2,"asset_type":"data_asset","name":"results.csv","mime":"text/csv","datasource_type":"193a97c1-4475-4a19-b90c-295c4fdc6517","object_key":"results.csv","creator_id":"c3a001eb-1c75-42cc-a536-250e19a7c7cb","create_time":1599621839671,"size":37680,"is_remote":false,"is_managed":false,"is_referenced":true,"is_object_key_read_only":true,"is_user_provided_path_key":true,"transfer_complete":true,"is_partitioned":false,"complete_time_ticks":1599621839671,"user_data":{},"test_doc":0,"handle":{"bucket":"desafio7-donotdelete-pr-xdv6vvo4gz9si3","location":"us-geo","key":"results.csv","upload_id":"done","max_part_num":1},"usage":{"access_count":0,"last_accessor_id":"c3a001eb-1c75-42cc-a536-250e19a7c7cb","last_access_time":1599621839671}}]}
