{"metadata":{"asset_id":"842848b1-80b4-4c1f-9c56-3092aa659e28","asset_attributes":["notebook"],"name":"notebook","asset_type":"notebook","created_at":"2020-09-07T16:21:35Z","description":"","origin_country":"us","owner_id":"IBMid-550008NDAC","project_id":"b9006a3a-d726-493a-bfb6-07cfeaa4a9ef","size":16201,"tags":["notebook"],"usage":{"last_update_time":1599621852556,"last_updated_at":"2020-09-09T03:24:12Z"}},"entity":{"notebook":{"kernel":{"name":"python3","display_name":"Python 3.6","language":"python"},"originates_from":{"type":"file"},"runtime":{"environment":"conda2py36-b9006a3a-d726-493a-bfb6-07cfeaa4a9ef"}}},"attachments":[{"id":"37bf15a3-5750-4d70-b193-221b4d75feaf","version":2,"asset_type":"notebook","name":"attachment for notebook 842848b1-80b4-4c1f-9c56-3092aa659e28","description":"attachment for notebook 842848b1-80b4-4c1f-9c56-3092aa659e28","mime":"application/json","datasource_type":"193a97c1-4475-4a19-b90c-295c4fdc6517","object_key":"notebook/notebook_6RhFGLnrC.ipynb","creator_id":"IBMid-550008NDAC","create_time":1599495696115,"size":16201,"is_remote":false,"is_managed":false,"is_referenced":true,"is_object_key_read_only":false,"is_user_provided_path_key":true,"transfer_complete":true,"is_partitioned":false,"complete_time_ticks":1599495696115,"user_data":{},"test_doc":0,"handle":{"bucket":"desafio7-donotdelete-pr-xdv6vvo4gz9si3","location":"us-geo","key":"notebook/notebook_6RhFGLnrC.ipynb","upload_id":"done","max_part_num":1},"usage":{"access_count":0,"last_accessor_id":"IBMid-550008NDAC","last_access_time":1599495696115}}]}
