{"metadata":{"asset_id":"896d9fca-bc42-4fd3-92eb-1e64eeb4f9ba","asset_attributes":["notebook"],"name":"formatar-dados","asset_type":"notebook","created_at":"2020-09-07T16:28:53Z","description":"","origin_country":"us","owner_id":"IBMid-550008NDAC","project_id":"b9006a3a-d726-493a-bfb6-07cfeaa4a9ef","size":207,"tags":["notebook"],"usage":{"last_update_time":1599586180058,"last_updated_at":"2020-09-08T17:29:40Z"}},"entity":{"notebook":{"kernel":{"name":"python3","display_name":"Python 3.6","language":"python"},"originates_from":{"type":"blank"},"runtime":{"environment":"conda2py36-b9006a3a-d726-493a-bfb6-07cfeaa4a9ef"}}},"attachments":[{"id":"96cb92f4-b243-4918-ae37-f8baff8d6c83","version":2,"asset_type":"notebook","name":"attachment for notebook 896d9fca-bc42-4fd3-92eb-1e64eeb4f9ba","description":"attachment for notebook 896d9fca-bc42-4fd3-92eb-1e64eeb4f9ba","mime":"application/json","datasource_type":"193a97c1-4475-4a19-b90c-295c4fdc6517","object_key":"notebook/formatar-dados_CvgEo5vh3.ipynb","creator_id":"IBMid-550008NDAC","create_time":1599496134758,"size":207,"is_remote":false,"is_managed":false,"is_referenced":true,"is_object_key_read_only":false,"is_user_provided_path_key":true,"transfer_complete":true,"is_partitioned":false,"complete_time_ticks":1599496134758,"user_data":{},"test_doc":0,"handle":{"bucket":"desafio7-donotdelete-pr-xdv6vvo4gz9si3","location":"us-geo","key":"notebook/formatar-dados_CvgEo5vh3.ipynb","upload_id":"done","max_part_num":1},"usage":{"access_count":0,"last_accessor_id":"IBMid-550008NDAC","last_access_time":1599496134758}}]}
