{"metadata":{"asset_id":"63f6eb26-cf39-46d8-bfc7-d24b8997be83","asset_attributes":["notebook"],"name":"notebook-2","asset_type":"notebook","created_at":"2020-09-09T03:16:51Z","description":"","origin_country":"us","owner_id":"IBMid-550008NDAC","project_id":"b9006a3a-d726-493a-bfb6-07cfeaa4a9ef","size":16201,"tags":["notebook"],"usage":{"last_update_time":1599621412369,"last_updated_at":"2020-09-09T03:16:52Z"}},"entity":{"notebook":{"kernel":"","originates_from":{"type":"file"},"runtime":{"environment":"conda2py36-b9006a3a-d726-493a-bfb6-07cfeaa4a9ef"}}},"attachments":[{"id":"d6f10fe7-0ae7-4d00-b70e-2d414fdf8afa","version":2,"asset_type":"notebook","name":"attachment for notebook 63f6eb26-cf39-46d8-bfc7-d24b8997be83","description":"attachment for notebook 63f6eb26-cf39-46d8-bfc7-d24b8997be83","mime":"application/json","datasource_type":"193a97c1-4475-4a19-b90c-295c4fdc6517","object_key":"notebook/notebook-2_cX8AgEcMZ.ipynb","creator_id":"IBMid-550008NDAC","create_time":1599621412368,"size":16201,"is_remote":false,"is_managed":false,"is_referenced":true,"is_object_key_read_only":false,"is_user_provided_path_key":true,"transfer_complete":true,"is_partitioned":false,"complete_time_ticks":1599621412368,"user_data":{},"test_doc":0,"handle":{"bucket":"desafio7-donotdelete-pr-xdv6vvo4gz9si3","location":"us-geo","key":"notebook/notebook-2_cX8AgEcMZ.ipynb","upload_id":"done","max_part_num":1},"usage":{"access_count":0,"last_accessor_id":"IBMid-550008NDAC","last_access_time":1599621412368}}]}
