Movimentação,Original_473,Original_269,Zero,Maçã-Verde,Tangerina,Citrus,Açaí-Guaraná,Pêssego,TARGET
17533,22,65,22,14,3,26,43,18,REABASTECER
18412,11,56,16,14,43,20,37,15,NORMAL
19600,86,51,8,11,41,20,35,12,NORMAL
20303,76,47,65,11,37,14,32,10,NORMAL
17085,68,42,60,6,35,13,26,5,REABASTECER
18324,57,35,55,43,31,9,22,43,NORMAL
17113,45,33,50,39,25,5,16,39,REABASTECER
19756,34,28,41,39,22,43,13,34,NORMAL
17160,22,24,31,35,18,40,8,29,NORMAL
18058,9,16,26,33,13,38,4,24,REABASTECER
19887,86,12,22,29,8,37,43,20,REABASTECER
18556,75,10,12,25,2,35,39,14,REABASTECER
17508,67,0,3,21,43,34,33,9,REABASTECER
19104,59,65,65,20,38,34,27,3,NORMAL
18390,50,63,56,18,32,34,25,43,NORMAL
20813,39,59,48,12,30,30,20,37,NORMAL
19092,26,50,44,7,27,30,14,34,REABASTECER
17319,15,45,39,3,25,25,8,29,REABASTECER
19550,7,35,31,43,21,20,2,27,REABASTECER
17512,86,27,21,39,17,19,43,21,NORMAL
17677,78,17,11,35,11,17,38,19,REABASTECER
19104,65,12,7,34,9,16,32,14,REABASTECER
20933,57,3,65,28,4,13,30,10,REABASTECER
18628,47,65,55,24,43,12,25,4,NORMAL
18784,37,62,46,21,40,9,21,43,NORMAL
18619,28,60,37,15,36,9,16,39,NORMAL
17226,16,52,30,10,31,4,12,33,NORMAL
20438,8,43,25,10,29,43,9,29,NORMAL
18049,86,39,19,4,24,41,3,24,REABASTECER
20137,78,33,9,43,20,36,43,21,NORMAL
19250,67,27,65,43,17,33,37,18,NORMAL
20205,57,21,61,43,12,33,31,16,NORMAL
18141,45,17,57,38,9,29,27,10,NORMAL
19471,34,15,53,32,5,29,21,6,REABASTECER
18748,23,13,45,31,43,25,15,43,NORMAL
19002,10,6,39,26,39,24,13,38,REABASTECER
19218,86,65,35,25,35,22,7,36,NORMAL
17261,74,56,25,25,33,21,3,30,REABASTECER
20697,63,50,16,24,30,15,43,24,NORMAL
17359,54,40,11,20,28,12,40,21,NORMAL
17176,47,38,2,20,23,6,36,18,NORMAL
17132,35,32,65,18,20,43,34,12,NORMAL
20831,28,25,59,18,14,40,28,8,NORMAL
17088,21,18,52,14,9,36,24,5,REABASTECER
20088,8,14,43,9,6,32,21,43,REABASTECER
20165,86,5,34,5,43,30,18,40,REABASTECER
17042,79,65,28,43,37,29,12,34,NORMAL
18476,70,61,20,38,35,26,10,30,NORMAL
17278,62,51,16,36,33,26,6,28,REABASTECER
18729,49,41,11,34,30,26,43,22,NORMAL
20692,37,32,1,33,24,25,38,18,NORMAL
19635,29,27,65,32,22,23,34,12,NORMAL
17329,22,18,61,27,19,19,29,6,REABASTECER
20208,11,10,56,25,17,14,25,43,NORMAL
17420,86,7,50,19,13,13,22,41,NORMAL
17015,78,65,43,13,11,8,20,39,REABASTECER
20163,71,61,37,12,6,7,15,36,REABASTECER
20158,58,59,28,10,43,6,12,33,NORMAL
20434,48,50,19,7,38,43,10,29,REABASTECER
18822,40,45,13,3,35,42,7,26,REABASTECER
18530,27,42,5,43,29,36,3,23,REABASTECER
20111,16,35,65,42,23,35,43,21,NORMAL
17011,8,27,58,37,17,35,40,17,NORMAL
17663,86,17,51,35,15,34,38,14,NORMAL
20111,75,7,43,30,13,33,35,8,NORMAL
17572,68,65,36,26,11,32,32,4,NORMAL
17319,55,55,27,25,6,28,29,43,REABASTECER
20785,48,49,21,23,43,28,23,38,NORMAL
19776,37,46,16,21,38,22,21,33,NORMAL
17943,25,42,12,19,33,18,15,31,NORMAL
19451,13,35,7,13,27,17,9,29,NORMAL
18312,6,32,65,12,24,13,4,26,REABASTECER
20466,86,28,57,12,22,8,43,24,NORMAL
20233,76,20,51,9,17,8,41,22,REABASTECER
18158,65,10,47,7,12,5,37,16,REABASTECER
18265,55,7,38,6,6,43,35,11,REABASTECER
20016,42,65,32,43,43,39,30,8,NORMAL
19850,33,63,24,41,40,33,24,6,NORMAL
18797,21,59,14,41,36,27,21,43,NORMAL
20739,14,50,7,40,33,24,17,37,NORMAL
17106,4,42,65,34,31,19,14,35,REABASTECER
17407,86,33,57,32,28,13,8,32,NORMAL
20012,74,24,53,26,25,13,5,30,REABASTECER
17832,63,21,45,23,21,13,43,25,NORMAL
17624,55,12,35,20,17,7,37,23,NORMAL
17547,45,8,27,16,12,7,33,19,REABASTECER
20436,35,65,18,16,9,5,31,14,NORMAL
19834,24,57,9,14,5,43,26,11,REABASTECER
18182,14,51,65,12,43,43,20,8,REABASTECER
18012,4,43,59,6,40,43,15,6,REABASTECER
17704,86,37,50,43,38,41,12,43,NORMAL
19800,74,27,41,42,34,38,7,38,NORMAL
18843,61,22,32,42,32,32,1,34,REABASTECER
20235,52,19,27,39,29,31,43,31,NORMAL
17676,41,10,20,35,26,31,39,28,NORMAL
20827,31,8,10,32,23,30,34,23,NORMAL
17593,19,65,2,30,17,30,29,19,NORMAL
17305,12,63,65,29,14,27,27,15,NORMAL
18688,86,55,60,23,8,27,22,10,REABASTECER
18687,79,53,52,17,5,22,20,6,REABASTECER
17646,72,49,48,13,43,21,16,43,NORMAL
20679,64,46,39,7,37,16,12,38,REABASTECER
19502,52,44,34,6,34,11,6,33,REABASTECER
16942,44,37,30,43,30,5,43,28,NORMAL
17243,35,27,22,39,28,43,41,26,NORMAL
20422,28,24,15,35,22,40,38,24,NORMAL
19533,15,20,9,29,18,40,32,20,NORMAL
20935,7,13,65,29,13,37,30,16,NORMAL
20874,86,10,60,26,9,34,27,11,REABASTECER
18124,77,7,50,26,5,31,24,8,NORMAL
17998,65,65,40,25,43,30,18,6,NORMAL
17749,54,62,30,20,37,25,16,43,NORMAL
19235,44,58,22,14,34,23,10,37,NORMAL
19601,33,56,18,10,32,18,8,32,NORMAL
18578,25,47,12,5,29,18,3,29,REABASTECER
17089,14,43,4,43,23,12,43,23,NORMAL
19084,3,41,65,39,19,12,40,17,REABASTECER
19231,86,39,56,37,16,9,36,15,NORMAL
19074,78,31,47,32,11,9,34,12,REABASTECER
17308,68,24,40,32,6,8,28,9,REABASTECER
19429,60,20,33,32,43,7,26,3,NORMAL
18635,47,18,23,31,41,3,22,43,REABASTECER
20922,40,8,14,30,37,43,17,38,NORMAL
20341,31,65,10,29,33,39,11,33,NORMAL
17640,22,55,1,27,31,37,5,31,REABASTECER
19183,15,49,65,25,26,32,43,28,NORMAL
20045,4,39,58,23,20,27,40,22,REABASTECER
19311,86,36,50,22,16,26,37,20,NORMAL
18231,74,32,45,17,13,24,34,15,NORMAL
19287,63,30,40,15,9,24,32,10,NORMAL
19836,56,21,35,10,4,23,30,5,REABASTECER
19777,45,15,25,10,43,23,24,43,NORMAL
17130,38,10,18,7,41,23,21,37,REABASTECER
20467,29,6,10,2,37,23,19,32,REABASTECER
18529,22,65,0,43,31,20,14,29,NORMAL
20653,12,55,65,41,25,16,12,27,NORMAL
19101,86,49,59,35,21,11,7,23,NORMAL
18680,78,41,50,35,15,7,5,20,REABASTECER
18058,70,32,43,33,12,6,43,14,NORMAL
20562,57,29,35,28,8,43,40,10,REABASTECER
17595,45,19,31,24,2,40,37,8,REABASTECER
18359,34,17,25,18,43,38,35,4,REABASTECER
19472,27,14,18,12,39,36,31,43,NORMAL
19818,18,4,9,10,33,31,27,37,REABASTECER
18546,6,65,65,6,28,31,21,32,REABASTECER
20636,86,62,61,43,24,30,16,30,NORMAL
19027,73,59,52,38,22,26,10,26,NORMAL
20900,63,57,42,38,20,23,7,21,NORMAL
18485,54,48,33,35,18,21,1,17,REABASTECER
19879,47,41,24,29,16,15,43,12,NORMAL
19079,39,37,18,29,10,9,39,10,REABASTECER
18811,31,29,14,28,8,5,33,7,REABASTECER
18444,24,26,6,26,6,43,30,5,REABASTECER
17820,15,17,65,24,43,38,28,43,NORMAL
19311,5,14,59,24,39,34,25,38,REABASTECER
17588,86,5,53,18,36,33,23,33,REABASTECER
20199,76,65,48,12,32,28,18,27,NORMAL
18217,63,63,44,6,27,24,13,25,REABASTECER
20279,56,56,34,43,25,22,11,19,NORMAL
17168,47,48,25,43,22,22,8,17,NORMAL
18157,39,44,19,38,18,21,3,11,REABASTECER
18702,30,41,13,38,12,21,43,8,REABASTECER
18727,17,32,6,36,8,19,39,5,REABASTECER
19487,5,26,65,32,6,19,36,43,REABASTECER
17776,86,19,61,31,43,15,30,38,NORMAL
18378,77,11,53,30,38,15,27,36,NORMAL
19145,69,6,48,25,35,10,21,34,REABASTECER
19557,62,65,39,24,29,6,19,29,NORMAL
19225,49,59,32,20,24,43,15,24,NORMAL
18774,38,53,28,20,21,41,12,21,NORMAL
18790,31,43,23,14,15,40,8,19,NORMAL
17129,24,41,18,11,13,39,6,15,REABASTECER
18723,13,37,12,11,10,39,43,9,REABASTECER
19147,1,34,4,10,4,33,39,7,REABASTECER
20249,86,27,65,10,43,32,36,5,NORMAL
19278,77,25,58,7,37,27,32,43,REABASTECER
18543,64,15,51,1,32,26,26,37,REABASTECER
18688,53,8,45,43,28,23,24,34,NORMAL
20918,41,65,41,40,24,22,18,31,NORMAL
18800,29,62,32,40,22,22,14,29,NORMAL
17033,21,54,27,40,17,16,8,27,NORMAL
19519,8,51,21,37,13,10,2,22,REABASTECER
18588,86,41,16,36,9,6,43,19,REABASTECER
19129,77,39,8,36,3,43,40,16,REABASTECER
19203,64,34,65,33,43,40,35,12,NORMAL
19473,57,25,57,32,40,40,31,6,NORMAL
19218,44,23,49,31,37,40,28,43,NORMAL
19432,37,17,39,25,32,39,26,40,NORMAL
18965,28,14,30,19,28,36,21,35,NORMAL
16955,21,10,20,14,25,35,19,30,NORMAL
17123,10,1,10,9,22,31,17,25,REABASTECER
18999,86,65,4,6,17,27,15,23,REABASTECER
18556,75,56,65,43,14,24,9,21,NORMAL
19119,64,53,56,41,11,23,4,18,REABASTECER
19228,51,49,48,38,7,23,43,15,REABASTECER
17730,40,47,40,38,1,17,39,13,REABASTECER
19541,32,44,30,35,43,16,35,9,REABASTECER
18911,22,40,22,31,37,12,30,4,REABASTECER
19416,10,37,14,30,34,12,26,43,NORMAL
17698,86,28,7,25,32,9,23,41,NORMAL
19432,77,25,65,23,27,6,18,38,NORMAL
20935,67,20,56,20,21,43,13,33,NORMAL
20275,54,13,51,20,19,37,8,29,NORMAL
17677,43,4,45,18,13,33,3,26,REABASTECER
17211,30,65,35,17,8,30,43,20,REABASTECER
18657,21,63,25,11,3,29,40,16,REABASTECER
19565,11,53,21,11,43,29,37,10,NORMAL
18356,86,49,16,5,37,25,35,5,REABASTECER
17398,77,47,10,43,32,22,31,43,NORMAL
18892,69,43,2,41,29,20,27,39,NORMAL
20213,58,35,65,39,24,17,21,36,NORMAL
20846,47,27,56,36,22,11,15,30,NORMAL
19412,40,18,46,36,20,7,10,24,NORMAL
17878,33,10,42,30,15,2,6,18,REABASTECER
19842,24,5,34,28,11,43,43,14,REABASTECER
20830,12,65,25,27,9,38,38,12,REABASTECER
19577,86,60,18,21,3,34,36,10,REABASTECER
20697,78,54,13,15,43,32,34,7,NORMAL
19410,69,51,3,10,38,26,29,4,NORMAL
19409,61,46,65,6,32,24,26,43,REABASTECER
18059,48,42,58,43,29,19,20,40,NORMAL
20420,37,38,49,42,25,16,18,38,NORMAL
19125,29,29,44,37,22,15,14,35,NORMAL
18652,19,24,40,32,19,10,11,30,NORMAL
20414,12,16,36,30,16,8,9,27,NORMAL
17287,86,11,30,30,14,6,4,25,REABASTECER
17530,78,3,24,25,12,43,43,21,REABASTECER
19807,69,65,15,22,6,38,38,16,REABASTECER
18201,59,57,10,18,43,37,36,13,NORMAL
20912,50,54,0,16,38,37,32,8,NORMAL
17380,41,47,65,11,32,36,30,6,NORMAL
18927,34,38,59,7,30,31,26,43,REABASTECER
19869,23,35,49,5,27,29,20,37,REABASTECER
18001,10,32,39,43,22,26,14,31,NORMAL
20525,86,30,30,43,16,20,9,25,NORMAL
18710,74,21,20,43,11,18,5,22,REABASTECER
20173,67,18,13,43,6,17,43,18,REABASTECER
18924,54,15,4,42,43,16,38,14,NORMAL
18464,41,11,65,37,41,12,36,9,NORMAL
18178,29,3,56,36,35,6,33,7,REABASTECER
17905,17,65,49,30,29,43,31,2,NORMAL
18851,9,60,43,25,26,40,28,43,NORMAL
17036,86,53,36,21,24,35,23,37,NORMAL
20490,76,51,29,21,19,34,17,33,NORMAL
20164,66,46,21,19,13,32,12,31,NORMAL
20192,57,44,14,13,8,30,7,25,NORMAL
18864,45,35,9,7,4,30,1,20,NORMAL
20002,34,27,65,7,43,24,43,17,REABASTECER
19621,25,20,55,7,41,21,37,15,REABASTECER
19288,15,10,47,7,36,17,31,12,REABASTECER
17170,7,3,37,1,32,13,29,7,REABASTECER
20288,86,65,33,43,27,11,24,3,NORMAL
17757,73,56,23,41,23,5,19,43,NORMAL
20689,65,53,15,41,19,43,16,38,NORMAL
19129,52,47,6,36,15,37,10,34,NORMAL
19605,39,43,65,33,10,32,8,28,REABASTECER
17829,28,36,58,28,4,30,4,25,REABASTECER
19940,21,34,48,23,43,26,43,21,NORMAL
20618,11,26,38,17,37,22,39,17,NORMAL
20271,86,21,32,15,34,16,33,13,NORMAL
16962,78,19,25,12,29,10,27,9,NORMAL
19209,65,13,20,12,27,9,22,3,NORMAL
19085,58,4,15,8,25,3,17,43,REABASTECER
20230,47,65,7,2,19,43,12,37,REABASTECER
19846,36,58,65,43,17,40,10,34,NORMAL
18325,28,48,60,43,14,40,6,31,REABASTECER
20564,16,44,56,40,10,38,43,28,REABASTECER
17059,4,37,51,36,5,34,41,24,REABASTECER
17011,86,29,42,35,43,33,38,18,NORMAL
17829,73,27,34,34,37,30,33,15,NORMAL
17812,62,25,29,34,34,27,31,9,NORMAL
19404,55,16,22,31,30,25,25,3,NORMAL
19026,46,13,14,28,24,23,19,43,NORMAL
19412,39,9,4,22,20,22,16,37,NORMAL
19711,32,65,65,16,17,16,11,32,NORMAL
20196,23,61,55,11,15,10,9,28,NORMAL
17911,11,57,46,5,12,4,3,26,REABASTECER
19557,86,49,40,43,9,43,43,24,REABASTECER
20547,78,44,31,43,4,40,41,20,REABASTECER
18705,66,34,27,42,43,36,37,14,NORMAL
17744,55,32,18,40,38,34,35,9,NORMAL
19413,43,26,12,40,36,32,31,5,NORMAL
19351,31,18,2,37,34,26,26,43,NORMAL
17661,23,11,65,32,31,20,24,40,NORMAL
19612,15,2,57,29,29,20,22,36,REABASTECER
18804,8,65,47,26,25,17,16,31,NORMAL
17402,86,58,43,25,19,16,14,25,NORMAL
20881,78,48,36,24,13,16,10,20,NORMAL
19300,70,46,29,22,11,10,6,17,REABASTECER
20669,61,41,20,20,9,7,43,15,REABASTECER
19649,50,33,10,20,7,6,38,11,NORMAL
19919,40,23,4,18,5,43,34,8,REABASTECER
17343,33,14,65,14,43,42,30,4,REABASTECER
20472,25,10,59,13,40,38,27,43,NORMAL
17444,14,0,54,12,35,38,21,38,REABASTECER
18438,6,65,46,8,30,32,16,35,REABASTECER
17784,86,62,41,8,28,32,14,32,REABASTECER
20020,78,54,35,5,26,26,10,30,REABASTECER
19051,66,47,31,43,21,25,8,27,NORMAL
19648,55,43,26,39,18,24,4,25,REABASTECER
17869,44,35,19,33,14,21,43,23,NORMAL
17012,32,33,13,27,9,19,41,18,REABASTECER
17847,23,31,7,27,6,14,38,15,REABASTECER
19214,12,28,65,26,43,13,35,11,NORMAL
20152,86,19,58,20,39,9,32,7,NORMAL
17520,73,11,52,14,36,6,27,3,NORMAL
18051,66,9,48,13,34,43,24,43,NORMAL
20841,53,65,38,13,31,42,18,40,NORMAL
20752,42,62,28,11,27,39,16,38,NORMAL
18546,31,55,22,8,24,34,14,36,REABASTECER
18929,21,52,13,4,22,31,10,30,REABASTECER
19917,8,43,9,43,17,30,7,25,NORMAL
19251,86,35,65,40,15,25,4,20,REABASTECER
18073,75,26,55,38,11,20,43,18,REABASTECER
18057,62,18,49,35,6,19,38,12,REABASTECER
19131,49,15,43,34,43,13,33,10,NORMAL
19989,37,10,35,33,39,11,29,6,REABASTECER
19715,27,6,27,30,33,7,25,43,REABASTECER
20075,16,65,20,29,30,6,20,37,NORMAL
20064,6,55,11,26,26,43,16,32,NORMAL
18780,86,51,6,20,20,40,14,27,NORMAL
20459,79,47,65,16,18,39,10,23,NORMAL
17542,66,42,61,13,15,34,8,20,NORMAL
18558,53,40,55,13,9,33,6,14,REABASTECER
19163,42,36,51,10,6,32,43,11,REABASTECER
19406,35,29,46,6,43,29,38,9,REABASTECER
18977,26,21,37,43,41,26,34,7,NORMAL
19522,15,12,33,40,39,23,28,1,REABASTECER
17300,4,6,23,37,35,19,26,43,REABASTECER
20152,86,65,16,31,33,18,22,41,NORMAL
20913,79,60,11,28,28,16,19,39,NORMAL
19769,72,56,4,25,26,14,15,33,NORMAL
20177,65,47,65,21,24,8,11,30,NORMAL
17727,57,37,59,16,21,7,6,25,REABASTECER
17906,44,34,55,15,17,6,43,22,NORMAL
18022,37,32,45,11,12,43,37,20,REABASTECER
20558,29,30,39,8,8,42,31,17,REABASTECER
20418,22,27,35,3,4,41,25,15,REABASTECER
17913,15,17,26,43,43,41,21,11,NORMAL
17660,4,13,16,38,38,41,17,6,REABASTECER
18846,86,3,9,38,36,36,11,43,REABASTECER
18285,75,65,65,33,30,33,5,40,REABASTECER
19545,62,57,61,28,24,28,43,34,NORMAL
18470,51,50,51,25,21,27,39,32,NORMAL
18210,41,42,44,20,19,22,36,27,NORMAL
17068,28,38,36,18,15,21,30,21,NORMAL
19262,15,34,31,12,10,16,26,18,NORMAL
20559,5,28,21,10,7,12,23,16,REABASTECER
20881,86,22,17,7,2,7,20,10,REABASTECER
17036,79,19,13,2,43,4,18,7,REABASTECER
18958,69,10,8,43,39,43,16,4,REABASTECER
18609,60,5,65,39,37,38,14,43,REABASTECER
20011,49,65,60,37,31,38,12,37,NORMAL
17761,41,62,54,37,26,34,9,35,NORMAL
19761,33,53,45,33,20,31,4,31,REABASTECER
19014,26,49,39,27,17,27,43,26,NORMAL
20638,14,41,32,25,11,22,38,24,REABASTECER
17630,7,37,24,21,8,17,34,20,NORMAL
17963,86,28,16,16,3,11,29,17,REABASTECER
18256,76,21,8,16,43,8,26,12,NORMAL
20520,64,14,65,13,38,2,22,7,NORMAL
18758,54,8,59,9,33,43,20,2,REABASTECER
20272,41,65,55,8,27,39,18,43,REABASTECER
18653,33,56,51,3,25,37,14,41,REABASTECER
19240,25,51,45,43,20,32,9,35,NORMAL
17858,14,48,39,43,15,28,4,33,REABASTECER
17594,7,45,29,40,9,23,43,30,REABASTECER
19430,86,36,22,36,7,22,37,27,REABASTECER
18368,73,27,13,36,4,20,34,23,REABASTECER
16959,62,19,8,31,43,14,29,20,NORMAL
20493,49,15,65,27,38,13,25,17,NORMAL
20120,38,6,55,25,33,11,21,15,REABASTECER
18145,27,65,45,24,30,6,19,11,NORMAL
20023,16,56,36,18,26,43,14,7,NORMAL
19536,9,47,26,18,21,37,10,5,REABASTECER
20674,86,44,20,15,17,31,4,43,REABASTECER
18905,73,37,11,15,13,30,43,41,NORMAL
20572,63,28,3,15,11,24,39,35,REABASTECER
17988,52,22,65,15,5,23,33,33,REABASTECER
17907,39,17,58,11,43,23,27,28,NORMAL
17442,29,7,48,11,38,20,22,26,NORMAL
20920,22,65,39,8,33,18,19,24,REABASTECER
19840,14,61,32,6,31,16,14,19,REABASTECER
19781,3,54,26,43,26,10,10,16,REABASTECER
18021,86,46,21,37,24,9,5,14,REABASTECER
20761,74,37,13,36,22,4,43,12,REABASTECER
19692,66,29,3,30,17,43,37,10,NORMAL
17235,58,19,65,27,14,39,31,8,NORMAL
20735,47,16,60,27,9,34,28,6,NORMAL
20223,39,9,56,26,4,28,24,43,REABASTECER
17253,31,65,50,26,43,28,20,37,NORMAL
24780,86,65,65,43,43,43,43,43,NORMAL
25203,73,58,61,42,40,40,40,38,NORMAL
24875,62,53,54,38,37,37,38,35,NORMAL
26444,52,50,50,33,33,33,32,32,NORMAL
27784,44,45,46,32,30,29,30,29,NORMAL
25405,34,43,37,30,26,27,24,24,NORMAL
24492,26,34,28,26,22,21,20,18,NORMAL
25533,14,27,18,20,19,19,17,16,NORMAL
24821,6,17,13,15,15,13,15,12,REABASTECER
26940,86,8,5,14,9,11,9,8,REABASTECER
25680,75,65,65,13,7,5,6,2,REABASTECER
27295,68,61,58,13,4,43,43,43,REABASTECER
25342,60,55,48,7,43,42,41,39,REABASTECER
26565,50,49,41,7,39,37,39,36,REABASTECER
24012,38,47,33,1,36,31,33,33,REABASTECER
25921,31,42,28,43,32,25,30,29,NORMAL
27561,21,35,24,43,27,23,25,26,NORMAL
27262,11,27,18,39,21,22,21,20,NORMAL
24792,86,22,9,37,15,19,18,18,NORMAL
25665,77,17,65,34,11,17,13,15,REABASTECER
27237,66,14,55,33,7,13,11,9,REABASTECER
26424,56,6,48,28,2,12,7,5,REABASTECER
26355,44,65,43,28,43,7,1,43,REABASTECER
24173,32,55,37,22,40,6,43,38,NORMAL
26355,25,50,29,18,38,43,37,32,NORMAL
25273,18,42,25,16,36,37,33,26,NORMAL
27728,5,37,19,16,31,33,30,21,REABASTECER
24944,86,28,9,10,25,29,24,19,NORMAL
27267,74,18,65,6,22,23,20,14,REABASTECER
24598,63,12,60,43,16,19,18,10,NORMAL
24649,52,9,54,38,12,16,16,6,REABASTECER
26280,45,65,47,32,8,11,11,43,REABASTECER
26834,36,56,43,26,4,5,7,40,REABASTECER
27520,23,53,33,20,43,43,1,38,REABASTECER
27260,10,46,29,17,38,37,43,33,NORMAL
24812,86,44,19,17,36,32,40,31,NORMAL
27018,76,41,14,17,31,32,34,26,NORMAL
26327,65,35,5,16,26,29,29,24,NORMAL
25692,55,32,65,12,21,27,26,22,NORMAL
27734,42,30,60,10,18,23,20,20,NORMAL
27717,30,27,56,5,14,20,14,15,REABASTECER
23914,23,23,51,43,10,18,9,12,REABASTECER
25578,14,15,47,38,7,18,5,10,REABASTECER
25688,6,10,38,33,5,18,43,8,REABASTECER
23882,86,2,28,33,43,15,41,3,REABASTECER
24248,74,65,22,30,38,11,39,43,NORMAL
27406,64,59,17,26,32,11,34,37,NORMAL
24973,52,56,7,20,30,7,28,34,NORMAL
24788,45,52,65,15,24,6,23,28,NORMAL
26882,37,50,56,13,18,43,20,24,NORMAL
26856,30,41,51,12,14,40,14,22,NORMAL
27125,17,39,46,6,11,40,12,16,REABASTECER
23978,5,31,42,43,5,37,8,12,REABASTECER
23947,86,28,33,43,43,37,4,8,REABASTECER
27033,79,24,26,43,37,35,43,5,NORMAL
25514,71,22,17,37,34,33,41,43,NORMAL
25654,61,12,11,31,28,31,36,37,NORMAL
25146,48,10,7,31,23,31,31,31,NORMAL
24965,40,6,65,31,20,31,29,26,REABASTECER
26677,28,65,57,30,16,27,26,20,NORMAL
24296,16,55,48,26,11,25,21,14,REABASTECER
24302,8,51,41,26,8,24,15,12,REABASTECER
27768,86,42,37,24,3,23,12,9,REABASTECER
25375,74,33,28,18,43,23,6,7,REABASTECER
25740,67,25,24,15,39,18,43,3,NORMAL
26020,60,21,19,14,33,14,41,43,NORMAL
27568,52,15,11,9,31,9,39,37,REABASTECER
26171,39,12,7,5,29,5,35,35,REABASTECER
26394,32,6,65,43,26,43,29,31,REABASTECER
24921,23,65,58,40,20,43,23,27,NORMAL
26884,14,57,49,35,16,43,20,23,NORMAL
27014,1,51,42,35,14,37,15,19,REABASTECER
24217,86,48,35,35,8,33,11,17,REABASTECER
24518,79,41,27,29,6,30,6,14,REABASTECER
25652,70,35,18,26,43,26,43,11,NORMAL
27247,58,27,8,25,38,23,41,6,NORMAL
24443,50,18,65,25,36,17,37,43,NORMAL
24568,41,10,59,25,30,13,35,37,NORMAL
26777,29,2,50,19,28,7,30,33,REABASTECER
27619,16,65,42,14,23,7,27,29,NORMAL
26847,4,56,34,9,21,2,23,27,REABASTECER
27599,86,54,26,7,19,43,19,23,REABASTECER
25589,73,49,20,5,16,43,15,18,REABASTECER
23895,63,45,12,43,12,39,9,13,REABASTECER
25037,54,39,4,37,7,33,4,8,REABASTECER
25644,47,32,65,31,4,32,43,6,REABASTECER
27627,34,27,56,26,43,32,41,43,NORMAL
24811,27,22,49,22,40,32,38,41,NORMAL
26309,16,20,42,22,34,26,34,35,NORMAL
27804,8,17,37,21,29,25,31,32,NORMAL
25589,86,11,32,18,24,19,26,27,NORMAL
26711,79,6,23,17,22,16,21,22,REABASTECER
25261,72,65,13,12,16,13,15,19,NORMAL
27428,61,56,6,12,12,7,10,16,REABASTECER
25791,53,52,65,7,7,6,7,13,REABASTECER
25631,41,49,61,3,4,43,2,11,REABASTECER
24432,33,41,54,43,43,37,43,7,REABASTECER
27483,23,33,48,39,37,35,38,1,REABASTECER
24688,10,26,41,38,31,35,34,43,NORMAL
27655,86,19,33,34,25,32,32,37,NORMAL
27477,79,9,24,32,20,27,29,31,NORMAL
27397,66,65,18,31,14,22,25,29,NORMAL
24136,54,57,10,31,11,18,23,23,REABASTECER
25008,47,47,0,30,9,13,18,17,REABASTECER
27024,35,45,65,28,7,9,13,11,REABASTECER
25810,28,37,59,23,2,8,11,9,REABASTECER
24597,16,35,51,23,43,4,7,7,REABASTECER
24567,8,25,45,20,41,43,3,1,REABASTECER
24277,86,23,40,17,39,37,43,43,NORMAL
24039,74,15,36,17,35,32,40,39,NORMAL
25242,65,10,29,16,29,31,35,34,NORMAL
24891,57,3,24,11,24,30,32,29,REABASTECER
25596,45,65,18,5,22,30,28,24,REABASTECER
24698,32,60,13,43,18,26,22,22,NORMAL
25488,23,51,6,43,15,22,17,17,NORMAL
25165,13,44,65,42,11,20,15,15,REABASTECER
26936,5,37,58,42,6,14,12,9,REABASTECER
26057,86,29,48,41,43,13,7,7,REABASTECER
27287,77,26,38,39,37,8,1,2,REABASTECER
27787,69,24,28,36,35,2,43,43,REABASTECER
26825,59,20,22,31,29,43,40,37,NORMAL
27591,48,12,12,28,23,38,37,33,NORMAL
27391,39,3,5,22,21,32,31,27,REABASTECER
25142,26,65,65,17,19,31,27,25,NORMAL
26522,14,59,57,13,14,26,24,20,NORMAL
27778,3,52,52,13,9,21,19,17,REABASTECER
24810,86,45,42,10,3,16,15,13,REABASTECER
25629,79,40,33,10,43,12,10,7,REABASTECER
24179,72,32,27,7,38,9,5,3,REABASTECER
27352,64,22,20,7,33,3,43,43,REABASTECER
25752,51,16,11,3,29,43,37,39,REABASTECER
26933,41,8,2,43,23,41,32,34,NORMAL
24963,32,65,65,43,17,40,26,28,NORMAL
25915,24,57,57,37,13,36,21,26,NORMAL
24907,16,52,53,32,7,33,19,23,REABASTECER
24320,8,46,46,30,4,33,14,18,REABASTECER
26734,86,40,41,28,43,30,12,12,NORMAL
26003,74,30,34,26,38,27,6,6,REABASTECER
24924,62,22,28,26,33,24,43,43,NORMAL
27139,55,16,21,23,30,18,40,38,NORMAL
25035,47,6,12,17,25,12,37,32,REABASTECER
27311,40,65,8,12,23,8,33,29,NORMAL
25913,30,57,65,10,19,3,31,25,REABASTECER
24328,20,48,55,6,15,43,25,22,REABASTECER
24941,10,40,51,43,9,43,19,18,REABASTECER
24169,86,33,46,40,6,39,13,13,REABASTECER
26125,78,28,40,39,43,35,11,11,NORMAL
26891,67,21,35,35,39,34,6,6,REABASTECER
25968,57,11,27,32,35,34,43,43,NORMAL
27263,47,6,18,29,30,34,41,41,REABASTECER
25283,35,65,13,27,28,33,39,37,NORMAL
27466,23,58,7,23,26,33,37,32,NORMAL
25279,13,53,65,19,23,31,33,28,NORMAL
24712,0,47,59,19,18,31,30,26,REABASTECER
24770,86,42,52,16,16,25,28,20,NORMAL
25565,74,32,42,10,13,23,24,15,NORMAL
24398,67,22,32,4,11,21,18,11,REABASTECER
23978,57,12,22,43,8,20,12,8,REABASTECER
25934,44,3,18,37,3,14,8,2,REABASTECER
27866,36,65,14,36,43,13,4,43,REABASTECER
25830,27,57,6,35,40,12,43,40,NORMAL
26576,14,50,65,30,36,8,39,37,NORMAL
25044,2,45,55,26,32,8,37,33,REABASTECER
24814,86,41,47,22,26,6,34,31,NORMAL
27804,79,36,39,20,21,43,30,29,NORMAL
25770,66,29,33,14,15,38,28,24,NORMAL
24183,59,21,23,8,11,34,25,22,REABASTECER
26493,49,13,13,7,6,31,23,16,REABASTECER
27216,36,3,8,1,43,30,17,10,REABASTECER
25098,27,65,65,43,38,25,12,8,NORMAL
25782,17,59,56,43,32,21,6,5,REABASTECER
27363,10,54,49,42,29,20,43,43,NORMAL
27225,86,46,39,36,25,19,39,40,NORMAL
26168,73,44,35,30,23,14,37,35,NORMAL
25678,63,35,25,28,21,8,32,31,NORMAL
24277,54,25,20,24,17,7,26,27,NORMAL
26934,45,23,10,18,12,6,20,24,NORMAL
27050,34,19,5,14,8,43,17,22,NORMAL
26016,22,14,65,13,5,42,15,16,REABASTECER
26399,15,5,61,9,43,40,13,14,REABASTECER
25069,2,65,54,5,41,34,11,8,REABASTECER
26983,86,60,45,43,36,29,5,5,REABASTECER
26261,74,50,41,38,30,24,43,43,NORMAL
26542,63,43,35,36,25,19,37,39,NORMAL
27258,54,37,28,35,21,15,31,36,NORMAL
25638,46,34,22,31,18,14,26,33,NORMAL
27538,35,30,13,31,13,13,23,29,NORMAL
24269,26,22,8,26,8,8,20,26,REABASTECER
25605,13,15,65,22,4,6,14,21,REABASTECER
26423,4,5,56,17,43,43,12,15,REABASTECER
27846,86,65,52,11,41,38,7,11,NORMAL
27434,74,61,45,6,37,35,2,9,REABASTECER
27592,62,51,41,43,31,29,43,3,REABASTECER
27162,50,47,37,39,27,28,38,43,NORMAL
27740,41,44,31,36,23,27,33,41,NORMAL
27612,29,37,23,36,17,25,27,36,NORMAL
25138,18,33,14,31,12,23,24,34,REABASTECER
26881,11,23,10,26,9,18,21,32,REABASTECER
24369,86,18,5,21,6,13,16,30,REABASTECER
25254,76,13,65,16,43,13,14,28,NORMAL
26046,65,4,56,16,39,12,9,22,REABASTECER
24147,54,65,48,11,37,8,5,19,REABASTECER
25084,47,63,43,11,34,4,43,16,NORMAL
27181,35,58,37,7,28,43,37,14,REABASTECER
24407,26,52,29,4,24,40,33,9,NORMAL
26741,17,47,19,43,22,37,28,7,NORMAL
26676,5,39,15,42,20,34,26,4,NORMAL
26408,86,30,8,42,14,33,23,43,NORMAL
26895,78,23,65,42,9,31,18,37,REABASTECER
25689,67,15,58,42,4,25,12,35,REABASTECER
24445,56,5,52,37,43,24,10,33,REABASTECER
25206,47,65,45,36,39,24,6,30,REABASTECER
27823,34,60,40,36,34,20,43,24,NORMAL
25609,23,54,33,30,30,14,38,21,NORMAL
24602,13,48,27,28,24,12,34,19,NORMAL
25214,3,40,18,24,22,10,29,14,REABASTECER
27010,86,32,10,18,20,8,25,12,NORMAL
24414,78,29,5,16,17,3,23,9,NORMAL
24393,66,27,65,14,11,43,20,5,NORMAL
27397,58,25,55,8,6,39,18,43,REABASTECER
26107,48,21,46,5,43,35,13,38,REABASTECER
26763,35,16,38,43,41,30,9,34,NORMAL
24338,22,12,32,39,35,29,5,31,REABASTECER
27723,11,5,27,35,29,24,43,26,REABASTECER
26051,86,65,19,29,27,18,38,22,NORMAL
24745,76,61,11,26,21,14,33,17,NORMAL
27007,66,52,4,23,15,10,27,14,NORMAL
26183,56,47,65,21,11,8,22,12,REABASTECER
25318,49,39,55,17,9,4,20,9,NORMAL
25246,39,37,48,12,5,43,16,5,REABASTECER
27540,32,29,44,10,43,38,12,43,NORMAL
24708,21,26,35,5,39,34,6,39,REABASTECER
26932,11,24,30,43,34,29,43,34,NORMAL
27871,86,18,25,43,29,23,40,29,NORMAL
25351,74,16,18,42,25,20,35,23,NORMAL
25377,64,13,8,40,23,14,32,19,NORMAL
27347,55,9,65,40,21,11,30,13,NORMAL
24495,47,65,61,36,18,6,24,8,NORMAL
24909,34,58,51,35,15,43,22,4,NORMAL
24451,23,48,46,33,12,38,19,43,REABASTECER
24373,12,44,42,33,6,35,14,38,REABASTECER
24753,86,41,33,32,43,32,8,36,NORMAL
25718,76,32,27,32,41,27,2,34,REABASTECER
25451,67,28,22,26,36,26,43,31,NORMAL
25982,58,26,14,21,32,22,41,28,NORMAL
24691,47,23,4,15,28,16,35,22,NORMAL
24755,35,17,65,12,26,15,32,17,NORMAL
26748,26,11,60,12,23,14,27,15,NORMAL
26170,15,1,51,12,18,12,21,11,REABASTECER
24706,7,65,46,8,12,7,15,7,REABASTECER
26887,86,63,42,8,9,5,9,5,REABASTECER
27808,77,53,32,6,7,43,5,43,REABASTECER
24822,69,47,26,43,3,37,43,38,REABASTECER
27182,59,38,18,37,43,34,41,32,NORMAL
24548,49,29,13,35,37,28,37,28,NORMAL
24206,40,25,7,34,33,24,31,23,NORMAL
25703,27,22,65,28,28,24,25,17,NORMAL
24833,18,16,59,26,26,19,19,11,NORMAL
27263,10,13,50,25,21,18,15,7,REABASTECER
25500,86,4,40,24,18,13,10,2,REABASTECER
26670,75,65,34,19,16,9,8,43,NORMAL
24231,62,58,25,19,11,6,5,41,REABASTECER
25343,54,49,17,18,5,43,43,38,REABASTECER
26330,43,42,9,18,43,37,40,32,NORMAL
27751,36,33,65,13,41,36,35,28,NORMAL
26009,24,29,61,7,39,36,32,23,REABASTECER
24623,11,25,52,7,35,35,29,17,REABASTECER
25266,86,18,47,1,30,32,25,13,REABASTECER
27576,79,12,40,43,25,26,22,9,NORMAL
25557,71,2,36,41,22,24,17,4,REABASTECER
26750,64,65,32,41,18,20,13,43,NORMAL
25629,56,63,22,36,14,19,10,37,NORMAL
26859,49,54,12,32,8,16,7,31,REABASTECER
25061,38,47,4,32,2,12,2,27,REABASTECER
27479,27,40,65,30,43,7,43,21,NORMAL
26161,15,31,55,29,41,7,40,15,NORMAL
24184,8,23,46,24,35,6,34,13,NORMAL
27558,86,14,42,24,30,43,30,7,NORMAL
24572,78,11,33,23,27,43,25,3,NORMAL
25207,70,1,29,17,23,41,19,43,REABASTECER
25626,57,65,22,14,18,35,17,39,NORMAL
27126,47,60,15,8,13,33,14,36,REABASTECER
24024,36,58,6,6,10,29,11,30,REABASTECER
25585,29,51,65,43,8,27,6,26,REABASTECER
24709,18,43,61,38,2,26,43,22,REABASTECER
26506,9,41,57,38,43,23,39,19,NORMAL
27769,86,35,48,34,38,17,33,17,NORMAL
25099,78,29,43,33,36,17,27,14,NORMAL
26808,66,21,39,32,33,16,24,10,NORMAL
26646,55,11,29,31,30,12,22,8,NORMAL
27579,43,6,25,30,25,9,17,3,REABASTECER
27359,34,65,19,27,23,9,12,43,NORMAL
27020,24,62,13,21,17,4,10,39,NORMAL
25494,14,58,9,19,12,43,4,33,REABASTECER
27078,6,51,65,13,7,37,43,28,REABASTECER
27367,86,48,57,9,1,34,41,23,REABASTECER
26701,79,41,51,7,43,30,36,19,REABASTECER
27873,67,36,42,5,37,29,32,16,REABASTECER
25184,56,33,33,43,34,28,30,13,NORMAL
26788,43,29,27,39,29,23,27,11,NORMAL
25439,32,24,18,33,24,19,24,5,REABASTECER
26834,21,22,14,29,19,15,20,43,NORMAL
26409,11,16,6,25,15,11,17,41,NORMAL
26529,86,7,65,21,12,9,12,35,REABASTECER
24684,74,65,57,16,10,8,6,29,REABASTECER
23956,65,62,51,13,4,6,43,24,REABASTECER
25985,58,57,41,9,43,43,39,19,REABASTECER
24855,45,53,37,6,39,37,37,13,REABASTECER
25304,38,43,28,43,35,33,31,8,NORMAL
26540,30,33,23,39,30,28,29,3,REABASTECER
24022,22,26,18,36,26,25,24,43,NORMAL
27483,10,18,8,34,20,23,20,39,NORMAL
25879,86,14,65,34,15,18,16,36,NORMAL
24199,73,7,55,30,13,18,11,33,NORMAL
25637,60,65,51,29,11,15,6,31,REABASTECER
26193,52,57,42,28,8,13,43,28,REABASTECER
26410,40,51,35,27,4,13,39,24,REABASTECER
27257,28,47,29,24,43,11,36,19,NORMAL
24446,19,43,20,19,38,8,31,15,NORMAL
24260,11,37,14,18,32,8,25,9,REABASTECER
24876,86,34,5,12,30,8,22,5,NORMAL
25328,78,25,65,12,24,8,18,43,NORMAL
26965,66,19,55,6,18,5,15,40,REABASTECER
27648,58,17,51,43,13,43,10,34,NORMAL
24023,47,9,42,39,7,39,4,31,REABASTECER
26458,36,65,38,36,3,35,43,25,REABASTECER
24993,27,56,28,34,43,31,39,19,NORMAL
24717,15,54,18,32,40,26,35,14,NORMAL
26339,6,46,8,32,36,25,31,8,REABASTECER
25848,86,41,65,32,31,20,27,2,NORMAL
25220,76,39,61,27,26,20,23,43,NORMAL
24132,65,31,51,26,22,19,17,37,NORMAL
26592,56,28,44,26,20,19,13,32,NORMAL
26823,47,23,35,24,17,18,8,30,NORMAL
27379,34,21,26,24,13,16,4,28,REABASTECER
25661,21,11,16,23,8,16,43,24,REABASTECER
24610,11,1,10,20,2,12,37,18,REABASTECER
26399,86,65,5,15,43,11,33,13,NORMAL
25208,76,57,65,15,37,10,28,9,NORMAL
24193,67,54,60,12,34,4,26,7,NORMAL
23972,57,49,51,6,29,43,22,4,REABASTECER
25792,50,40,47,43,24,40,18,43,NORMAL
26234,42,36,43,42,21,39,15,38,NORMAL
26905,31,33,39,42,15,38,12,35,NORMAL
25455,24,26,30,38,11,32,8,33,REABASTECER
27829,15,24,23,34,8,30,2,28,REABASTECER
25845,2,20,14,30,6,25,43,26,REABASTECER
26028,86,12,10,29,43,24,41,24,NORMAL
25102,74,2,3,27,41,21,38,21,REABASTECER
26572,62,65,65,21,39,20,35,16,NORMAL
26331,49,57,56,16,33,14,33,11,NORMAL
27236,40,51,49,10,31,10,30,9,NORMAL
27496,33,47,40,10,28,10,27,4,REABASTECER
26527,20,43,31,10,22,6,21,43,NORMAL
26526,8,39,23,5,19,43,18,38,REABASTECER
26904,86,31,17,43,16,43,14,36,NORMAL
25471,75,26,7,39,10,41,9,31,REABASTECER
25305,65,24,65,35,5,37,3,29,REABASTECER
25667,56,19,59,35,43,31,43,24,NORMAL
24238,47,12,52,33,38,28,38,21,NORMAL
24247,34,9,43,32,35,26,33,17,NORMAL
24289,21,65,39,27,31,23,31,13,NORMAL
25241,14,59,34,25,26,21,27,10,NORMAL
25471,2,54,26,23,21,15,22,4,REABASTECER
25876,86,48,18,17,18,14,17,43,NORMAL
27578,76,44,10,14,14,14,13,40,NORMAL
25920,67,37,3,14,11,8,10,37,REABASTECER
26544,58,35,65,11,9,4,4,32,REABASTECER
25852,51,32,60,7,6,43,43,27,REABASTECER
24099,44,30,54,4,43,41,37,24,REABASTECER
27565,33,27,46,43,37,39,33,18,NORMAL
26775,23,25,36,41,32,38,28,15,NORMAL
24353,12,16,29,37,26,36,25,10,NORMAL
26797,86,11,19,33,20,35,21,4,NORMAL
26891,74,9,14,32,17,29,18,43,NORMAL
24516,65,65,8,32,13,25,14,39,NORMAL
25147,52,59,65,29,9,20,8,34,REABASTECER
25479,44,55,59,23,5,20,3,29,REABASTECER
26890,32,53,51,22,43,15,43,26,NORMAL
26248,21,48,41,18,38,11,40,22,NORMAL
26411,8,39,31,16,36,6,36,20,NORMAL
26899,86,29,24,12,31,43,33,17,NORMAL
27008,73,26,20,6,28,43,30,14,REABASTECER
26927,65,19,12,43,23,37,25,9,NORMAL
24995,52,9,7,41,21,31,20,6,NORMAL
25428,44,65,65,35,16,29,16,43,NORMAL
25369,32,56,56,34,10,28,11,40,REABASTECER
24289,24,50,50,30,8,22,9,38,REABASTECER
26691,12,44,40,25,2,16,4,35,REABASTECER
24828,86,34,31,20,43,14,43,32,NORMAL
27783,76,26,21,15,39,8,38,30,NORMAL
24318,66,21,13,11,33,7,35,26,NORMAL
27716,53,12,8,11,27,4,32,20,REABASTECER
26576,40,6,65,11,24,43,28,18,REABASTECER
23882,33,65,60,11,18,41,23,16,NORMAL
26270,24,60,51,5,12,36,17,12,REABASTECER
27128,16,58,46,43,6,33,11,10,REABASTECER
25515,5,51,41,42,43,32,5,7,NORMAL
27655,86,44,33,37,41,31,43,3,NORMAL
24424,75,38,27,37,37,30,41,43,NORMAL
23919,66,30,18,37,35,29,38,37,NORMAL
24576,58,25,14,35,33,28,34,34,NORMAL
26803,51,20,10,34,31,25,30,30,NORMAL
26078,41,15,5,31,29,24,26,24,NORMAL
24908,33,11,65,27,27,24,23,19,NORMAL
25878,20,7,58,21,23,21,18,13,NORMAL
27195,11,65,53,17,18,16,12,10,NORMAL
26812,86,58,49,17,14,10,9,6,NORMAL
25432,77,50,43,14,11,6,6,43,REABASTECER
24923,70,47,38,8,8,43,43,41,REABASTECER
26316,58,40,34,2,3,43,38,36,REABASTECER
25748,49,33,28,43,43,39,32,33,NORMAL
27804,41,31,18,43,39,33,27,31,NORMAL
26644,28,22,11,42,37,27,24,29,NORMAL
25187,16,13,4,38,35,23,20,23,NORMAL
24423,8,8,65,38,31,20,18,17,NORMAL
24808,86,65,56,34,27,15,13,15,NORMAL
27295,78,56,51,28,24,15,9,12,NORMAL
27068,69,53,42,26,20,10,4,9,REABASTECER
26958,61,50,36,24,15,6,43,3,NORMAL
26960,53,46,29,19,11,43,40,43,REABASTECER
27143,40,42,25,19,5,37,38,40,REABASTECER
26107,32,32,18,13,43,36,34,35,NORMAL
27625,22,26,14,13,37,33,28,30,NORMAL
26818,9,23,9,8,34,29,26,24,REABASTECER
25367,86,19,65,5,32,29,23,22,REABASTECER
23962,79,12,57,43,28,24,20,16,NORMAL
24020,69,4,53,43,22,18,16,11,REABASTECER
24334,57,65,45,38,18,15,14,6,NORMAL
24225,48,62,36,36,16,14,9,43,NORMAL
25049,36,57,28,31,14,13,3,39,REABASTECER
27737,24,54,19,28,9,13,43,33,REABASTECER
26020,16,44,12,26,5,13,40,27,REABASTECER
27321,4,38,7,23,43,7,34,25,REABASTECER
24542,86,36,65,17,39,5,29,20,NORMAL
24168,76,27,61,11,35,43,26,18,NORMAL
25213,68,20,55,9,33,39,22,16,REABASTECER
23975,56,16,45,8,27,38,20,11,REABASTECER
25085,43,12,35,4,22,32,18,7,REABASTECER
25861,32,8,28,43,16,30,16,3,REABASTECER
25617,20,65,22,39,10,25,12,43,REABASTECER
26844,8,62,17,37,8,23,10,41,REABASTECER
24819,86,54,9,35,3,23,6,36,REABASTECER
25748,74,45,65,32,43,23,43,34,NORMAL
26206,65,35,58,27,37,18,37,31,NORMAL
24283,57,33,53,22,35,16,34,26,NORMAL
24120,49,26,48,22,30,16,31,21,NORMAL
25208,36,16,43,17,24,10,26,16,NORMAL
27250,23,6,39,17,19,6,20,14,REABASTECER
24677,10,65,29,15,13,43,14,9,NORMAL
26384,86,62,21,13,11,43,11,5,REABASTECER
24156,74,54,17,7,7,38,5,43,REABASTECER
26778,66,45,10,7,2,33,43,41,REABASTECER
26886,59,38,0,6,43,33,37,39,REABASTECER
25242,50,29,65,43,37,29,33,34,NORMAL
27498,42,21,57,39,34,26,27,28,NORMAL
27771,31,17,50,36,32,26,21,23,NORMAL
26319,24,14,40,30,30,21,17,18,NORMAL
26380,12,5,36,30,27,20,13,16,REABASTECER
26539,86,65,31,30,22,20,11,13,NORMAL
25362,78,62,25,27,20,15,5,8,REABASTECER
27661,68,52,16,24,15,10,43,5,NORMAL
24095,57,48,11,21,11,8,40,43,REABASTECER
26097,46,42,5,19,8,5,34,40,NORMAL
25964,37,33,65,17,4,43,28,35,REABASTECER
24431,30,24,61,17,43,37,25,30,NORMAL
24987,21,17,55,13,37,31,23,27,NORMAL
24705,8,12,51,10,32,29,19,24,NORMAL
27326,86,7,42,5,29,23,17,18,REABASTECER
24505,78,65,37,43,24,19,15,14,NORMAL
26100,65,59,28,38,22,16,9,10,NORMAL
24419,53,49,20,33,18,10,7,7,REABASTECER
24873,43,46,12,27,12,7,1,3,REABASTECER
26834,34,44,7,24,7,1,43,43,NORMAL
25225,25,39,65,20,5,43,41,38,REABASTECER
24119,12,33,58,20,43,40,38,32,NORMAL
27059,86,26,49,16,37,38,32,27,NORMAL
26549,79,24,40,14,33,35,28,22,NORMAL
27536,66,19,33,8,30,31,25,16,REABASTECER
24893,58,9,29,3,27,25,21,12,REABASTECER
24754,45,65,23,43,22,21,16,7,NORMAL
24036,38,57,14,43,19,20,11,1,NORMAL
24957,28,49,7,41,17,17,6,43,REABASTECER
25602,17,39,65,40,14,17,43,41,NORMAL
27188,4,29,60,36,8,15,38,39,REABASTECER
24154,86,23,56,32,2,13,36,36,REABASTECER
27029,77,13,49,30,43,10,30,32,NORMAL
26427,67,9,41,27,38,8,28,28,NORMAL
25105,58,65,33,25,33,3,22,22,NORMAL
26913,46,60,23,23,29,43,16,17,NORMAL
25470,36,51,13,23,26,43,14,15,NORMAL
24253,25,48,5,23,20,39,8,11,NORMAL
26918,18,38,65,18,18,35,6,6,REABASTECER
25645,11,36,56,16,15,29,43,43,NORMAL
27626,86,26,46,12,13,25,41,40,NORMAL
27208,76,22,36,10,8,21,36,37,REABASTECER
23985,67,17,28,10,2,17,34,35,REABASTECER
26995,59,14,24,6,43,17,29,30,REABASTECER
26629,50,9,18,43,38,11,27,26,NORMAL
24052,42,65,14,43,33,8,25,20,NORMAL
27282,34,62,5,38,31,7,23,14,NORMAL
24542,26,54,65,38,27,2,19,10,NORMAL
27597,14,47,59,35,23,43,17,6,NORMAL
27790,1,38,50,34,19,39,13,43,REABASTECER
25062,86,30,46,32,17,34,11,40,NORMAL
25752,76,23,41,29,14,29,7,35,NORMAL
26813,64,13,33,26,9,23,3,31,REABASTECER
25149,57,11,28,22,6,23,43,28,REABASTECER
26530,45,5,21,17,43,18,37,25,REABASTECER
25507,33,65,17,13,40,15,32,23,NORMAL
24361,21,59,12,12,38,9,26,18,NORMAL
26997,11,49,6,12,32,8,22,16,NORMAL
26254,86,43,65,9,27,8,20,13,REABASTECER
26001,77,38,61,6,21,7,18,9,REABASTECER
27667,69,28,53,43,19,2,14,3,NORMAL
23977,56,22,44,37,13,43,11,43,NORMAL
25649,46,13,38,36,7,42,7,37,NORMAL
26698,33,11,34,35,5,40,1,32,REABASTECER
27004,21,2,30,30,43,39,43,26,REABASTECER
24798,13,65,24,26,38,33,41,22,NORMAL
26543,4,63,16,20,36,29,37,16,REABASTECER
25967,86,54,10,15,34,23,33,10,NORMAL
26885,79,49,5,15,31,18,29,6,NORMAL
25095,72,45,65,10,28,16,25,43,NORMAL
26132,65,43,56,4,24,10,22,39,REABASTECER
26229,58,36,50,43,22,5,18,35,NORMAL
26587,48,26,41,40,16,43,16,31,NORMAL
25104,38,24,31,39,10,39,11,28,REABASTECER
27552,31,21,21,33,8,37,7,24,NORMAL
26163,21,18,13,31,6,33,4,22,REABASTECER
26593,8,12,9,30,43,29,43,17,NORMAL
25576,86,3,65,30,38,23,38,15,REABASTECER
26688,76,65,58,27,35,18,33,12,NORMAL
27146,64,62,53,25,30,15,30,10,NORMAL
24491,56,60,44,23,26,13,25,8,NORMAL
25977,46,54,39,21,21,7,22,3,NORMAL
26349,37,52,30,21,19,3,18,43,NORMAL
26905,30,48,24,16,14,43,14,39,NORMAL
24767,21,38,18,10,9,38,8,35,NORMAL
25123,8,31,12,5,7,32,6,31,REABASTECER
25151,86,28,4,43,4,26,43,26,REABASTECER
25802,76,19,65,37,43,20,37,22,NORMAL
24790,64,17,58,31,41,14,34,18,NORMAL
25363,53,8,53,31,39,10,29,15,NORMAL
25798,40,65,49,30,37,8,25,13,NORMAL
25690,28,59,42,24,35,5,19,9,NORMAL
25814,20,51,36,18,33,43,15,6,REABASTECER
24891,10,46,30,15,31,42,9,43,NORMAL
27009,86,42,22,12,25,41,4,39,NORMAL
23917,74,34,16,8,22,37,43,33,REABASTECER
23999,64,27,8,8,17,36,40,31,REABASTECER
25939,54,18,65,5,14,33,36,29,REABASTECER
24907,43,11,55,43,11,31,31,23,REABASTECER
27696,31,2,49,43,5,30,28,20,REABASTECER
25600,23,65,42,40,43,30,22,18,NORMAL
24667,10,63,38,36,38,28,16,12,NORMAL
26774,86,61,34,30,32,26,10,8,NORMAL
24332,76,57,30,29,28,24,5,5,REABASTECER
26195,66,54,23,28,26,22,43,43,NORMAL
27575,55,48,13,24,21,16,41,41,NORMAL
25874,46,44,6,19,18,16,39,37,NORMAL
25644,37,35,65,17,15,11,36,32,NORMAL
26213,28,30,56,11,13,11,30,26,NORMAL
26874,18,28,51,11,9,11,24,20,REABASTECER
25979,8,24,41,8,6,7,21,17,REABASTECER
24887,86,19,34,2,43,7,17,13,REABASTECER
25856,74,9,29,43,38,7,15,10,NORMAL
27206,66,65,24,42,33,2,9,8,NORMAL
25905,53,60,16,38,27,43,3,6,REABASTECER
27569,46,52,12,36,24,43,43,43,NORMAL
26655,39,48,7,30,19,43,39,41,NORMAL
24782,26,41,65,25,13,38,36,37,NORMAL
27239,14,31,60,23,9,38,31,32,REABASTECER
25823,3,26,55,18,4,35,26,30,REABASTECER
27695,86,23,50,17,43,33,20,28,NORMAL
25858,75,13,41,14,41,28,16,23,NORMAL
24542,63,11,33,14,39,25,13,18,NORMAL
24520,51,6,27,9,33,22,8,15,REABASTECER
23906,43,65,19,5,27,16,4,10,REABASTECER
27327,31,57,15,43,25,13,43,5,REABASTECER
26609,23,54,11,39,23,13,37,43,NORMAL
26052,15,48,6,35,17,8,31,37,NORMAL
25299,3,44,65,31,11,6,25,32,REABASTECER
27059,86,38,61,30,7,43,22,26,NORMAL
26917,77,28,56,29,5,42,20,22,NORMAL
26242,67,20,49,28,43,36,18,19,NORMAL
25195,54,13,41,24,39,35,14,14,NORMAL
25286,44,7,36,18,36,29,11,8,NORMAL
26787,34,65,28,17,33,27,6,2,REABASTECER
26629,21,60,18,15,27,22,43,43,NORMAL
27517,9,56,13,14,21,17,37,37,NORMAL
26860,86,49,7,14,17,12,33,33,NORMAL
24571,74,41,65,8,14,7,27,27,REABASTECER
